{"basemva": 100.0, "ws": 376.99111843077515, "bus_num": [1, 2, 3, 4, 5, 6, 7, 8, 9, 10, 11, 12, 13, 14, 15, 16, 17, 18, 19, 20, 21, 22, 23, 24, 25, 26, 27, 28, 29, 30, 31, 32, 33, 34, 35, 36, 37, 38, 39], "bus_type": [], "bus_Vm": [1.033317278728789, 1.0119656409641768, 0.9759153695286138, 0.9372392635672634, 0.9262341002045644, 0.9278939998639028, 0.8719115850918233, 0.8889559433492157, 0.9840683507125885, 0.9437182221117089, 0.9370118219100088, 0.918193581327569, 0.9412162116237119, 0.9404754393306818, 0.9415095964475957, 0.9582684739331498, 0.9679956216247027, 0.9694955467981072, 0.9797072158171813, 0.9809525503142289, 0.9741284843373651, 1.0104354948379664, 1.0086408996906588, 0.9692172797839562, 1.0208604459073787, 1.000904865619294, 0.9792995051905539, 1.002265843876806, 1.004094569175755, 1.0475, 1.0400000000000003, 0.9831000000000001, 0.9972, 1.0123, 1.0493, 1.0635, 1.0278, 1.0265, 1.03], "bus_Va": [-0.163688249491955, -0.11509194956591677, -0.1681800987692735, -0.18301376960694432, -0.15797852119486475, -0.14330028703427075, -0.1866151552324253, -0.1989974091994349, -0.19556190853424144, -0.09561081178131675, -0.11180454535178991, -0.1123768288882079, -0.11029734999176583, -0.14464314361104536, -0.15357821917221665, -0.1253319728153973, -0.14608351993076688, -0.16301146221197063, -0.03238495860036654, -0.05759424394329505, -0.07864346890614828, 0.005622985982681765, 0.0015898786902764194, -0.1231697551722971, -0.08946703961951732, -0.11159381319186043, -0.14980033105785814, -0.044475161165865466, 0.008092685266513272, -0.07239166138760866, -0.0009498983591556063, 0.04497288064579118, 0.058739760800683896, 0.0330399043335897, 0.09340371177106817, 0.14292306435526675, 0.02993711850972839, 0.13282657667613165, -0.19128808601857847], "bus_kV": [1.033317278728789, 1.0119656409641768, 0.9759153695286138, 0.9372392635672634, 0.9262341002045644, 0.9278939998639028, 0.8719115850918233, 0.8889559433492157, 0.9840683507125885, 0.9437182221117089, 0.9370118219100088, 0.918193581327569, 0.9412162116237119, 0.9404754393306818, 0.9415095964475957, 0.9582684739331498, 0.9679956216247027, 0.9694955467981072, 0.9797072158171813, 0.9809525503142289, 0.9741284843373651, 1.0104354948379664, 1.0086408996906588, 0.9692172797839562, 1.0208604459073787, 1.000904865619294, 0.9792995051905539, 1.002265843876806, 1.004094569175755, 1.0475, 1.0400000000000003, 0.9831000000000001, 0.9972, 1.0123, 1.0493, 1.0635, 1.0278, 1.0265, 1.03], "bus_basekV": [1.0, 1.0, 1.0, 1.0, 1.0, 1.0, 1.0, 1.0, 1.0, 1.0, 1.0, 1.0, 1.0, 1.0, 1.0, 1.0, 1.0, 1.0, 1.0, 1.0, 1.0, 1.0, 1.0, 1.0, 1.0, 1.0, 1.0, 1.0, 1.0, 1.0, 1.0, 1.0, 1.0, 1.0, 1.0, 1.0, 1.0, 1.0, 1.0], "bus_name": ["", "", "", "", "", "", "", "", "", "", "", "", "", "", "", "", "", "", "", "", "", "", "", "", "", "", "", "", "", "", "", "", "", "", "", "", "", "", ""], "load_id": ["PQ_1", "PQ_2", "PQ_3", "PQ_4", "PQ_5", "PQ_6", "PQ_7", "PQ_8", "PQ_9", "PQ_10", "PQ_11", "PQ_12", "PQ_13", "PQ_14", "PQ_15", "PQ_16", "PQ_17", "PQ_18", "PQ_19"], "load_bus": [3, 4, 7, 8, 12, 15, 16, 18, 20, 21, 23, 24, 25, 26, 27, 28, 29, 31, 39], "load_Z": [], "load_I": [], "load_P": [], "load_MW": [322.0, 500.0, 233.8, 522.0, 8.5, 320.0, 329.4, 158.0, 680.0, 274.0, 247.5, 308.6, 224.00000000000003, 139.0, 281.0, 206.0, 283.5, 9.2, 1104.0], "load_Mvar": [2.4, 184.0, 840.0, 176.0, 88.0, 153.0, 323.0, 30.0, 103.0, 114.99999999999999, 84.6, -92.2, 47.2, 17.0, 75.5, 27.6, 126.9, 4.6, 250.0], "load_status": [1.0, 1.0, 1.0, 1.0, 1.0, 1.0, 1.0, 1.0, 1.0, 1.0, 1.0, 1.0, 1.0, 1.0, 1.0, 1.0, 1.0, 1.0, 1.0], "ibr_bus": [36, 37], "ibr_id": ["S", "S"], "ibr_MW": [560.0, 540.0], "ibr_Mvar": [243.52307218733614, 48.97942857965623], "ibr_MVA_base": [1000.0, 1000.0], "gen_id": ["G", "G", "G", "G", "G", "G", "G", "G"], "gen_bus": [30, 31, 32, 33, 34, 35, 38, 39], "gen_S": ["(250+210.98583377163456j)", "(572.93+655.850433602542j)", "(650+239.3457981306992j)", "(632+120.23336861625023j)", "(508+173.53756923670036j)", "(650+313.72490367885257j)", "(830.0000000000001+156.19746831985063j)", "(1011.0805717788726+327.50861194384964j)"], "gen_mod": [0.0, 0.0, 0.0, 0.0, 0.0, 0.0, 0.0, 0.0], "gen_MW": [250.0, 572.93, 650.0, 632.0, 508.0, 650.0, 830.0000000000001, 1011.0805717788726], "gen_Mvar": [210.98583377163456, 655.850433602542, 239.3457981306992, 120.23336861625023, 173.53756923670036, 313.72490367885257, 156.19746831985063, 327.50861194384964], "gen_MVA_base": [1000.0, 1000.0, 1000.0, 1000.0, 1000.0, 1000.0, 1000.0, 2000.0], "gen_status": [1.0, 1.0, 1.0, 1.0, 1.0, 1.0, 1.0, 1.0, 1.0, 1.0], "line_from": [1, 1, 2, 2, 3, 3, 4, 4, 5, 5, 6, 6, 7, 8, 9, 10, 10, 13, 14, 15, 16, 16, 16, 16, 17, 17, 21, 22, 23, 25, 26, 26, 26, 28], "line_to": [2, 39, 3, 25, 4, 18, 5, 14, 6, 8, 7, 11, 8, 9, 39, 11, 13, 14, 15, 16, 17, 19, 21, 24, 18, 27, 22, 23, 24, 26, 27, 28, 29, 29], "line_id": ["Line_1", "Line_2", "Line_3", "Line_4", "Line_5", "Line_6", "Line_7", "Line_8", "Line_9", "Line_10", "Line_11", "Line_12", "Line_13", "Line_14", "Line_15", "Line_16", "Line_17", "Line_18", "Line_19", "Line_20", "Line_21", "Line_22", "Line_23", "Line_24", "Line_25", "Line_26", "Line_27", "Line_28", "Line_29", "Line_30", "Line_31", "Line_32", "Line_33", "Line_34"], "line_P": [], "line_Q": [], "line_RX": ["(0.0035+0.0411j)", "(0.001+0.025j)", "(0.0013+0.0151j)", "(0.007+0.0086j)", "(0.0013+0.0213j)", "(0.0011+0.0133j)", "(0.0008+0.0128j)", "(0.0008+0.0129j)", "(0.0002+0.0026j)", "(0.0008+0.0112j)", "(0.0006+0.0092j)", "(0.0007+0.0082j)", "(0.0004+0.0046j)", "(0.0023+0.0363j)", "(0.001+0.025j)", "(0.0004+0.0043j)", "(0.0004+0.0043j)", "(0.0009+0.0101j)", "(0.0018+0.0217j)", "(0.0009+0.0094j)", "(0.0007+0.0089j)", "(0.0016+0.0195j)", "(0.0008+0.0135j)", "(0.0003+0.0059j)", "(0.0007+0.0082j)", "(0.0013+0.0173j)", "(0.0008+0.014j)", "(0.0006+0.0096j)", "(0.0022+0.035j)", "(0.0032+0.0323j)", "(0.0014+0.0147j)", "(0.0043+0.0474j)", "(0.0057+0.0625j)", "(0.0014+0.0151j)"], "line_chg": [0.6987, 0.75, 0.2572, 0.146, 0.2214, 0.2138, 0.1342, 0.1382, 0.0434, 0.1476, 0.113, 0.1389, 0.078, 0.3804, 1.2, 0.0729, 0.0729, 0.1723, 0.366, 0.171, 0.1342, 0.304, 0.2548, 0.068, 0.1319, 0.3216, 0.2565, 0.1846, 0.361, 0.513, 0.2396, 0.7802, 1.029, 0.249], "xfmr_from": [2, 31, 10, 12, 12, 19, 19, 20, 22, 23, 25, 29], "xfmr_to": [30, 6, 32, 11, 13, 20, 33, 34, 35, 36, 37, 38], "xfmr_id": ["Line_35", "Line_36", "Line_37", "Line_38", "Line_39", "Line_40", "Line_41", "Line_42", "Line_43", "Line_44", "Line_45", "Line_46"], "xfmr_P": [], "xfmr_Q": [], "xfmr_RX": ["0.0181j", "0.025j", "0.02j", "(0.0016+0.0435j)", "(0.0016+0.0435j)", "(0.0007+0.0138j)", "(0.0007+0.0142j)", "(0.0009+0.018j)", "0.0143j", "(0.0005+0.0272j)", "(0.0006+0.0232j)", "(0.0008+0.0156j)"], "xfmr_k": [1.0, 0.97143, 1.0, 1.0, 1.0, 1.0, 1.0, 1.0, 1.0, 1.0, 1.0, 1.0], "shnt_bus": [4, 5], "shnt_id": ["Shunt_1", "Shunt_2"], "shnt_gb": ["100j", "200j"], "shnt_sw_bus": [], "shnt_sw_gb": [], "load_MVA_base": 100.0}