{"basemva": 100.0, "ws": 376.99111843077515, "bus_num": [1, 2, 3, 4, 5, 6, 7, 8, 9, 10, 11], "bus_type": [], "bus_Vm": [1.03, 1.01, 1.03, 1.01, 1.0064497791421536, 0.9781188746309813, 0.9609979083738365, 0.9485852119716476, 0.9713632477824645, 0.9834618542832768, 1.0082581394720098], "bus_Va": [3.260920160372079e-18, -0.17046592202631322, -0.4727159459425486, -0.6505600708549781, -0.11279882182690634, -0.2888378277036861, -0.4356201981906027, -0.677766777418673, -0.9151505084326268, -0.7682858897547261, -0.5883637470734798], "bus_kV": [20.6, 20.2, 20.6, 20.2, 231.48344920269534, 224.9673411651257, 221.0295189259824, 218.17459875347893, 223.41354698996685, 226.19622648515366, 231.89937207856227], "bus_basekV": [20.0, 20.0, 20.0, 20.0, 230.0, 230.0, 230.0, 230.0, 230.0, 230.0, 230.0], "bus_name": ["GEN G1", "GEN G2", "GEN G3", "GEN G4", "G1", "G2", "LOAD A", "MID POINT", "LOAD B", "G4", "G3"], "load_id": ["PQ_1", "PQ_3"], "load_bus": [7, 9], "load_Z": [], "load_I": [], "load_P": [], "load_MW": [967.0, 1767.0000000000002], "load_Mvar": [100.0, 100.0], "load_status": [1.0, 1.0], "ibr_bus": [], "ibr_id": [], "ibr_MW": [], "ibr_Mvar": [], "ibr_MVA_base": [], "gen_id": ["G", "G", "G", "G"], "gen_bus": [1, 2, 3, 4], "gen_S": ["(700.1056812038016+185.06731902138173j)", "(700+234.6776866485929j)", "(719+175.98596369584462j)", "(700+202.07233056185854j)"], "gen_mod": [0.0, 0.0, 0.0, 0.0], "gen_MW": [700.1056812038016, 700.0, 719.0, 700.0], "gen_Mvar": [185.06731902138173, 234.6776866485929, 175.98596369584462, 202.07233056185854], "gen_MVA_base": [900.0, 900.0, 900.0, 900.0], "gen_status": [1.0, 1.0, 1.0, 1.0], "line_from": [5, 6, 7, 7, 8, 8, 9, 10], "line_to": [6, 7, 8, 8, 9, 9, 10, 11], "line_id": ["Line_1", "Line_2", "Line_3", "Line_4", "Line_5", "Line_6", "Line_7", "Line_8"], "line_P": [], "line_Q": [], "line_RX": ["(0.0025+0.025j)", "(0.001+0.01j)", "(0.011+0.11j)", "(0.011+0.11j)", "(0.011+0.11j)", "(0.011+0.11j)", "(0.001+0.01j)", "(0.0025+0.025j)"], "line_chg": [0.04375, 0.0175, 0.1925, 0.1925, 0.1925, 0.1925, 0.0175, 0.04375], "xfmr_from": [5, 6, 11, 10], "xfmr_to": [1, 2, 3, 4], "xfmr_id": ["Line_9", "Line_10", "Line_11", "Line_12"], "xfmr_P": [], "xfmr_Q": [], "xfmr_RX": ["0.016666666666666666j", "0.016666666666666666j", "0.016666666666666666j", "0.016666666666666666j"], "xfmr_k": [1.0, 1.0, 1.0, 1.0], "shnt_bus": [7, 9], "shnt_id": ["Shunt_1", "Shunt_2"], "shnt_gb": ["200j", "350j"], "shnt_sw_bus": [], "shnt_sw_gb": [], "load_MVA_base": 100.0}