{"basemva": 100.0, "ws": 376.99111843077515, "bus_num": [1, 2, 3], "bus_type": [], "bus_Vm": [1.0, 0.99628984112325, 0.99009], "bus_Va": [1.5378269747586777e-20, 0.020505009013013047, 0.04427003013008005], "bus_kV": [230.0, 229.14666345834752, 13.663242], "bus_basekV": [230.0, 230.0, 13.8], "bus_name": ["GEN G1", "BUS 2", "GEN G2"], "load_id": [], "load_bus": [], "load_Z": [], "load_I": [], "load_P": [], "load_MW": [], "load_Mvar": [], "load_status": [], "ibr_bus": [3], "ibr_id": ["RE"], "ibr_MW": [40.0], "ibr_Mvar": [-9.999768739511234], "ibr_MVA_base": [50.0], "gen_id": ["1"], "gen_bus": [1], "gen_S": ["(-39.91381007000804-4988.122095731472j)"], "gen_mod": [0.0], "gen_MW": [-39.91381007000804], "gen_Mvar": [-4988.122095731472], "gen_MVA_base": [10000.0], "gen_status": [1.0, 1.0], "line_from": [1], "line_to": [2], "line_id": ["Line_1"], "line_P": [], "line_Q": [], "line_RX": ["(0.00497+0.0497j)"], "line_chg": [0.0], "xfmr_from": [2], "xfmr_to": [3], "xfmr_id": ["Line_2"], "xfmr_P": [], "xfmr_Q": [], "xfmr_RX": ["0.0586j"], "xfmr_k": [1.0], "shnt_bus": [1], "shnt_id": ["Shunt_1"], "shnt_gb": ["5000j"], "shnt_sw_bus": [], "shnt_sw_gb": [], "load_MVA_base": 100.0}